{
    "debugMode" : 1,
    "showFPS" : true,
    "frameRate" : 60,
    "id" : "gameCanvas",
    "renderMode" : 1,
    "engineDir":"../../frameworks/cocos2d-html5",

    "modules" : ["cocos2d"],

    "jsList" : [
        "src/plugin/anysdkConst.js",
        "src/plugin/PluginChukong.js",
          "src/jsb_manual.js",
	  "src/define/Pay_Define.js",
		"src/Cocos2dExtension.js",
	    "src/Bussiness.js",
	  "src/Kit.js",
	  "src/define/City_Define.js",
	  "src/Statistics.js",
	  "src/VisibleRect.js",
	  "src/Sound.js",
	  "src/Resource.js",
	  "src/BaseNode.js",
	   "src/Ui/BaseUi.js",
	   "src/Ui/MenuTrigger.js",
	  "src/SysMenu.js",
	  "src/define/BgDefine.js",
	   "src/define/Vip_Define.js",
	   "src/define/Kefu_Define.js",
	  "src/GameLayer.js",
	  "src/EditLayer.js",
	  "src/Background.js",
	  "src/Unit.js",
	  "src/Task.js",
	  "src/Fight.js",
	  "src/Ultimate.js",
	  "src/Trigger.js",
		"src/define/Unit_Define.js",
		"src/define/UnitAnim_Define.js",
		"src/Effect.js", 
	  "src/GuideUi.js",
	  "src/GameTitle.js",
	  "src/CommonUi.js",
	    "src/Activity.js",
		"src/MainUi.js",
		"src/Ability.js",
	  "src/CommonAbility.js",
		"src/Loading.js",
		"src/AbilityTest.js",
		"src/Particle.js",
	  "src/Macro.js",
	  "src/define/AI.js",
		"src/Player.js",
		"src/define/Drop_Define.js",
		"src/define/UnitSkin_Define.js",
		"src/define/Upgrade_Define.js",
	  "src/NetFight.js",
	  "src/Equipment.js",
	  "src/define/Equipment_Define.js",
	   "src/RandomGoods.js",
	  "src/define/Enchantment_Define.js",
	  "src/Enchantment.js",
	  "src/Defray.js",
	  "src/define/Game_Define.js",
	  "src/Net_Define.js",
	 	"src/define/Status_Define.js",
	 	"src/Cache.js",
	 	"src/define/AttachEffect_Define.js",
	 	"src/define/Ability_Define.js",
	"src/Armature.js",
	"src/Quest.js",
	"src/define/QuestDefine.js",
	"src/ChannelExport.js",
	"src/KTPLAY.js",
	"src/Misc.js",
	"src/ChallengeGameLayer.js",
	"src/define/ChallengeDefine.js",
	"src/QTE.js",
	"src/RankingUi.js",
	"src/OpenComic.js",
	"src/edit/EditAction.js",
	"src/edit/EditUI.js",
	"src/edit/SelectUI.js",
	"src/FriendUi.js",
	"src/define/PlayerInfo_Define.js",
	"src/NetHttp.js",
	"src/define/Strength_Define.js",
	"src/StrengthPoint.js",
	"src/miniGame/BucketGame.js",
    "src/miniGame/BucketGameRuleFrame.js",
     "src/define/BucketGame_Define.js",
     "src/config/GlobalConfig.js",
     "src/config/ZhaoYunLevelConfig.js",
     "src/config/SelfCharacterConfig.js",
     "src/config/EnemyCharacterConfig.js",
	  "src/config/GoodComposeConfig.js",
      "src/config/Material.js",
      "src/config/MaterialComposeConfig.js",
     "src/config/GoodsConfig.js",
     "src/config/EquipmentComposeConfig.js",
     "src/config/EquipmentConfig.js",
     "src/config/EquipmentStrengthenConfig.js",
     "src/config/DropConfig.js",
     "src/config/PearlConfig.js",
     "src/config/StageConfig.js",
     "src/config/DropUtil.js",
     "src/config/GoodUtil.js",
     "src/config/EquipUtil.js",
     "src/config/ShopConfig.js",
     "src/config/DataUtil.js",
     "src/config/PearlComposeConfig.js",
     "src/config/AlertConfig.js",
     "src/config/GlobalUtil.js",
     "src/config/AbilityConfig.js",
     "src/config/AbilityComposeConfig.js",
     "src/config/AbilityStrengthenConfig.js",
     "src/config/SoldierConfig.js",
     "src/config/SoldierComposeConfig.js",
     "src/config/SoldierStrengthenConfig.js",
     "src/config/AbilityUtil.js",
     "src/config/SoldierUtil.js",
     "src/utils/SanguoConst.js",
     "src/utils/CommonUtils.js",
        "src/OldUi.js",
     "src/Ui/NewMainUi.js",
     "src/Ui/NewShopUi.js",
     "src/Ui/NewEquipmentUi.js",
     "src/config/AbilityProperty.js",
	"src/Convert.js",
	"src/Ui/MenuLayer.js",
	"src/Ui/NewChallengUi.js",
	"src/Ui/NewDefianceUi.js",
	"src/Ui/NewInfiniteUi.js",
	"src/Pay.js",
	"src/Ui/NewSkillUi.js",
	"src/Ui/NewSoldierUi.js",
	"src/Ui/GoodsUi.js",
	"src/Ui/Item.js",
	"src/NewFrame.js",
     "src/FightPrepare.js",
     "src/Ui/Guider.js",
     "src/Help.js",
     "src/Ui/NewWayToGetObj.js",
	"src/define/EquipmentDataDefine.js",
	"src/Event/EventGameLayer.js",
"src/Event/Event.js",
"src/Event/EventDefine.js",
"src/Event/EventUI.js",
"src/define/DifficultyDefine.js",
        "src/Ui/UnlockUi.js",
        "src/SweepstakesEvent.js"
    ]
}